[{"first_name":"Cassondra","email":"csorrell0@wisc.edu","password":"jyum6824"},
{"first_name":"Kayne","email":"kchesney1@cnbc.com","password":"ccrq0223"},
{"first_name":"Diann","email":"dlambole2@digg.com","password":"suej6511"},
{"first_name":"Jaimie","email":"jpeacham3@163.com","password":"aote3464"},
{"first_name":"Aeriela","email":"abengtson4@jiathis.com","password":"guks5383"},
{"first_name":"Duffy","email":"dlarrie5@discovery.com","password":"eufl3380"},
{"first_name":"Lewiss","email":"lbrokenshaw6@facebook.com","password":"puwa6017"},
{"first_name":"Erminie","email":"eeliet7@cloudflare.com","password":"ddum7905"},
{"first_name":"Zonnya","email":"zorriss8@businessinsider.com","password":"eepg9383"},
{"first_name":"Mathian","email":"mhasely9@delicious.com","password":"rvyl0163"},
{"first_name":"Haywood","email":"hlazarea@google.co.jp","password":"zdsq9550"},
{"first_name":"Bob","email":"bskipseyb@is.gd","password":"vtco2897"},
{"first_name":"Dietrich","email":"dantrobusc@trellian.com","password":"thsq3851"},
{"first_name":"Phil","email":"phemshalld@wunderground.com","password":"czxp5628"},
{"first_name":"Dickie","email":"dhoggettse@eventbrite.com","password":"oelk7969"},
{"first_name":"Thalia","email":"tleeref@cnn.com","password":"nepj2156"},
{"first_name":"Orrin","email":"oscourfieldg@google.es","password":"fzpd2324"},
{"first_name":"Edgard","email":"efortonh@ameblo.jp","password":"rpsy3831"},
{"first_name":"Dar","email":"dtummasuttii@goodreads.com","password":"drza0739"},
{"first_name":"Elbert","email":"ebustj@feedburner.com","password":"mjfk6936"},
{"first_name":"Michaela","email":"mlakink@php.net","password":"iggi3056"},
{"first_name":"Tristam","email":"tlimeburnl@reddit.com","password":"njbv7419"},
{"first_name":"Gilberte","email":"gedridgem@zimbio.com","password":"jotu1461"},
{"first_name":"Dotty","email":"dlowren@buzzfeed.com","password":"gqlg0711"},
{"first_name":"Phil","email":"pprino@wiley.com","password":"znle0731"},
{"first_name":"Royal","email":"rbrislanp@cornell.edu","password":"pvoq2179"},
{"first_name":"Calley","email":"cconrardq@oaic.gov.au","password":"ecdn4621"},
{"first_name":"Almeta","email":"acottillr@lulu.com","password":"rgbm7541"},
{"first_name":"Susann","email":"soloughanes@youtu.be","password":"usud4028"},
{"first_name":"Rodie","email":"rfronkst@behance.net","password":"vosc4077"},
{"first_name":"Petronella","email":"pinglisu@oaic.gov.au","password":"rbab6358"},
{"first_name":"Sly","email":"sbarensv@vkontakte.ru","password":"oidw6134"},
{"first_name":"Amitie","email":"aoxtibyw@theguardian.com","password":"fryt9048"},
{"first_name":"Inge","email":"igoodlakex@cdbaby.com","password":"reaf8456"},
{"first_name":"Conrade","email":"cbalkey@oaic.gov.au","password":"whqb5659"},
{"first_name":"Ivett","email":"iabbisz@google.pl","password":"nmoa3109"},
{"first_name":"Tabatha","email":"tarchbould10@angelfire.com","password":"fdqc3299"},
{"first_name":"Deeyn","email":"dstockow11@samsung.com","password":"hjau9365"},
{"first_name":"Harald","email":"hkiffe12@cnbc.com","password":"bbvt0324"},
{"first_name":"Katey","email":"knewsome13@shutterfly.com","password":"qiji6585"},
{"first_name":"Jonell","email":"jtaylor14@purevolume.com","password":"lzrd2616"},
{"first_name":"Carmine","email":"clindholm15@acquirethisname.com","password":"welk2614"},
{"first_name":"Tadeas","email":"tgaskarth16@usatoday.com","password":"puhi4224"},
{"first_name":"Tandy","email":"tcanti17@microsoft.com","password":"cjas7186"},
{"first_name":"Reider","email":"rbrimley18@moonfruit.com","password":"doex8269"},
{"first_name":"Lester","email":"layliffe19@bloomberg.com","password":"zikm6172"},
{"first_name":"Emily","email":"ecatling1a@statcounter.com","password":"mwxh9628"},
{"first_name":"Maurice","email":"mgaul1b@shareasale.com","password":"ynqe1884"},
{"first_name":"Bryon","email":"bkeppy1c@intel.com","password":"exae3898"},
{"first_name":"Patsy","email":"panfosso1d@columbia.edu","password":"jirh7022"}]